문무관,19,1,https://www.vectary.com/p/1Kg08wy4eBzSS9KBdiT7e3
문무관,19,2,https://www.vectary.com/p/0c26DslN4EYsreHkNjiD7M
문무관,19,3,https://www.vectary.com/p/6zrO2oTitiGOXyWqfLingB
문무관,19,4,https://www.vectary.com/p/1bttXTbmU39eCSsZQAm9Nx
문무관,19,5,https://www.vectary.com/p/7Ol8KnX6otZCUwZ07HfJ1H
인문사회관,6,-1,https://www.vectary.com/p/0MZhJPl6STsSxoPYEk9yqq
인문사회관,6,1,https://www.vectary.com/p/4f0Xm1R2QxdQBcJDidCgZj
인문사회관,6,2,https://www.vectary.com/p/2NLBFTPkFmdWLaxfDUAzXy
인문사회관,6,3,https://www.vectary.com/p/4VEbEk8qGVWFJ4Kcorm6zi
인문사회관,6,4,https://www.vectary.com/p/5OD7sWtpQJ8dDxOJeekpYS
인문사회관,6,5,https://www.vectary.com/p/4ZRXjvHEWzNnDWwDvp49fT
인문사회관,6,6,https://www.vectary.com/p/0MZhJPl6STsSxoPYEk9yqq
창학관,1,1,https://www.vectary.com/p/6NTV7ZznkWhCkOrxxZhfL9
창학관,1,2,https://www.vectary.com/p/73700oxhGMc9vg7uI5QB48
창학관,1,3,https://www.vectary.com/p/59M52LFdL26a0VnUVnSuRF
창학관,1,4,https://www.vectary.com/p/28gh9KTAIdI8eqwxFDRJ3u
창학관,1,5,https://www.vectary.com/p/18egmdYSsF9BhClz9UQDEW
창학관,1,6,https://www.vectary.com/p/7MrlO6jBGy5Gzqv7EqEwFF
지산도서관,10,-1,https://www.vectary.com/p/5qnU8QNvuD3BP4leJXJszG
지산도서관,10,1,https://www.vectary.com/p/0QvGuiB7G13dZCLQWUqa3g
지산도서관,10,2,https://www.vectary.com/p/29itTCVW0U5qf53DOxr0as
지산도서관,10,3,https://www.vectary.com/p/3bKKQ8JQojNnHWhjUjEvpq
지산도서관,10,4,https://www.vectary.com/p/1ufSj7Nxul6ESHC0PV08k9
지산도서관,10,5,https://www.vectary.com/p/2fWkGzC1sRaZY4miBFStku
지산도서관,10,6,https://www.vectary.com/p/1clhbf6qrmND58S8Ii467F